{
  "epoch": 429,
  "train_total_loss": 1.360388863313245e-06,
  "koopman_loss": 4.1822929293272153e-07,
  "pred_loss": 9.377657459082502e-07,
  "recon_loss": 4.393824788019431e-09,
  "evaluate_loss": 0.006842363625764847,
  "stable_Loss": 1.9319259122283284e-06,
  "H_Loss": 0.0,
  "time": 17.7362961769104
}