{
  "epoch": 479,
  "train_total_loss": 8.01726949334281e-07,
  "koopman_loss": 2.695925685968786e-07,
  "pred_loss": 8.059477074074874e-07,
  "recon_loss": 3.1567652786362826e-08,
  "evaluate_loss": 0.010398289188742638,
  "stable_Loss": 1.4294169753189614e-07,
  "H_Loss": 0.0,
  "time": 62.29384922981262
}