{
  "epoch": 489,
  "train_total_loss": 1.5977728372727978e-06,
  "koopman_loss": 6.102211741366607e-07,
  "pred_loss": 9.653055272461316e-07,
  "recon_loss": 0.0,
  "evaluate_loss": 0.006906239315867424,
  "stable_Loss": 1.717407114529959e-06,
  "H_Loss": 0.0,
  "time": 17.848188400268555
}