{
  "epoch": 209,
  "train_total_loss": 8.311376067878235e-06,
  "koopman_loss": 4.110930736049458e-06,
  "pred_loss": 2.448087819384594e-06,
  "recon_loss": 1.8666216495869116e-06,
  "evaluate_loss": 0.007980178110301495,
  "stable_Loss": 0.0,
  "H_Loss": 0.0,
  "time": 37.20869326591492
}