{
  "epoch": 479,
  "train_total_loss": 1.2139200455295834e-05,
  "koopman_loss": 2.1832640897478297e-06,
  "pred_loss": 4.135589477395229e-06,
  "recon_loss": 3.810228795701594e-06,
  "evaluate_loss": 0.004542485810816288,
  "stable_Loss": 0.0,
  "H_Loss": 0.0,
  "time": 21.028723001480103
}